bootstrap_ci_high,bootstrap_ci_low,comparator_avg_across_protocols,comparator_method,direction,losses,mean_protocol_benefit_for_reference,metric,paired_seed_observations,protocol_count,reference_avg_across_protocols,reference_method,sign_test_pvalue,ties,wins
0.009389416074026826,-0.0027400470356678764,0.01714331679730493,cpd_shift_consensus_plus,lower_is_better,3,0.0025443368708933903,unknown_misroute_rate,120,12,0.014598979926411541,cpd_shift_multiproto_consensus_plus,0.7265625,4,5
0.000917976025324245,0.00021615286157605456,0.000665225932646321,cpd_shift_consensus_plus,lower_is_better,0,0.000541914215364867,accepted_benign_fpr,120,12,0.0001233117172814541,cpd_shift_multiproto_consensus_plus,0.015625,5,7
0.020963109142365828,-0.037785677470124436,0.13240494062165045,cpd_shift_consensus_plus,lower_is_better,5,-0.004569519977890322,selective_risk,120,12,0.1369744605995408,cpd_shift_multiproto_consensus_plus,0.7744140625,0,7
0.013857489144399908,-0.005783799464068915,0.17932412884601892,cpd_shift_consensus_plus,higher_is_better,4,0.004041794969657893,coverage,120,12,0.18336592381567687,cpd_shift_multiproto_consensus_plus,0.3876953125,0,8
0.01486313327592583,-0.023070891960342527,0.7980424459472922,cpd_shift_consensus_plus,higher_is_better,7,-0.004885336415048938,accepted_known_macro_f1,120,12,0.7931571095322435,cpd_shift_multiproto_consensus_plus,0.34375,2,3
0.00632860299571016,-0.011893496299386918,0.29649156965714735,cpd_shift_consensus_plus,lower_is_better,5,-0.0020631832407363294,aurc,120,12,0.2985547528978837,cpd_shift_multiproto_consensus_plus,1.0,1,6
