bootstrap_ci_high,bootstrap_ci_low,comparator_avg_across_protocols,comparator_method,direction,losses,mean_protocol_benefit_for_reference,metric,paired_seed_observations,protocol_count,reference_avg_across_protocols,reference_method,sign_test_pvalue,ties,wins
0.009568273431911687,-0.0016661192910951983,0.017762018927706548,cpd_shift_consensus_plus,lower_is_better,2,0.003077703733845735,unknown_misroute_rate,120,12,0.014684315193860811,cpd_shift_multiproto_consensus_plus,0.453125,5,5
0.0009324681180095117,0.00021377499939967214,0.0006794878296681356,cpd_shift_consensus_plus,lower_is_better,0,0.0005461055690678137,accepted_benign_fpr,120,12,0.00013338226060032195,cpd_shift_multiproto_consensus_plus,0.0078125,4,8
0.019659458875354842,-0.03623384223844178,0.14699213342340908,cpd_shift_consensus_plus,lower_is_better,3,-0.004473810784863729,selective_risk,120,12,0.1514659442082728,cpd_shift_multiproto_consensus_plus,0.14599609375,0,9
0.013681796438988215,-0.007330468014561585,0.1780471833729088,cpd_shift_consensus_plus,higher_is_better,4,0.0034502357359071666,coverage,120,12,0.18149741910881598,cpd_shift_multiproto_consensus_plus,0.3876953125,0,8
0.030209991233331335,-0.018927828930820248,0.7887567148895559,cpd_shift_consensus_plus,higher_is_better,6,0.0037448041400020304,accepted_known_macro_f1,120,12,0.792501519029558,cpd_shift_multiproto_consensus_plus,0.75390625,2,4
0.008958938850047055,-0.01132585929168848,0.29599260627515084,cpd_shift_consensus_plus,lower_is_better,5,-0.0007262180790941155,aurc,120,12,0.29671882435424496,cpd_shift_multiproto_consensus_plus,1.0,1,6
