actionable_coverage_mean,actionable_coverage_std,actionable_known_macro_f1_mean,actionable_known_macro_f1_std,auto_coverage_mean,auto_coverage_std,auto_method,auto_selective_risk_mean,auto_selective_risk_std,auto_unknown_misroute_rate_mean,auto_unknown_misroute_rate_std,final_defer_rate_mean,final_defer_rate_std,num_runs,policy,review_benign_rate_mean,review_benign_rate_std,review_coverage_mean,review_coverage_std,review_known_macro_f1_mean,review_known_macro_f1_std,review_method,review_unknown_capture_rate_mean,review_unknown_capture_rate_std,safe_unknown_handling_rate_mean,safe_unknown_handling_rate_std,scenario_relation
0.47727273816541815,0.10091390147786922,0.7716448529254338,0.22827784043361832,0.1784483337886478,0.07437218223113086,cpd_shift_multiproto_coverage_switch_plus,0.1717927559714108,0.186413355037873,0.022062619222744426,0.05325424166954906,0.5227272618345818,0.10091390147786922,60,triage_shift_multiproto_coverage_switch_plus_ova_nonbenign,0.0017977520825200857,0.0017819997239793153,0.2988244043767703,0.09165376619055203,0.5789375654509478,0.31941705289825373,ova_gate_nonbenign,0.513306689685516,0.16332809442194993,0.9779373807772556,0.053254241669549056,cross
0.5793045809230997,0.0754943661302675,0.8895139612394362,0.14534945867974955,0.23677721770729604,0.05229719631363396,cpd_shift_multiproto_coverage_switch_plus,0.04264588217696548,0.06691441376505419,0.016410021014040516,0.043258681277693806,0.42069541907690045,0.0754943661302675,60,triage_shift_multiproto_coverage_switch_plus_ova_nonbenign,0.0015004230606515134,0.0015513297511769992,0.34252736321580357,0.07063997036222258,0.7171600004741631,0.27835393329688046,ova_gate_nonbenign,0.5237226021004701,0.19450700935007875,0.9835899789859595,0.043258681277693806,same
