active_clients_mean,active_clients_std,calibration_total_time_sec_mean,calibration_total_time_sec_std,downlink_mb_mean,downlink_mb_std,evaluation_total_time_sec_mean,evaluation_total_time_sec_std,model_params_mean,model_params_std,model_size_mb_mean,model_size_mb_std,num_calibration_banks_mean,num_calibration_banks_std,num_methods_mean,num_methods_std,num_perturbations_mean,num_perturbations_std,num_runs,ova_fit_time_sec_mean,ova_fit_time_sec_std,rounds_completed_mean,rounds_completed_std,scenario_relation,source_infer_time_sec_mean,source_infer_time_sec_std,target_inference_total_time_sec_mean,target_inference_total_time_sec_std,total_comm_mb_mean,total_comm_mb_std,total_runtime_sec_mean,total_runtime_sec_std,train_time_sec_mean,train_time_sec_std,uplink_mb_mean,uplink_mb_std
8.166666666666666,1.950783318453271,0.31795798859992225,0.0518739584603697,0.4343033333333332,0.10374265687534495,0.7922422561834234,0.030579342793781595,2659.0,0.0,0.010635999999999998,1.734723475976807e-18,3.0,0.0,66.0,0.0,1.0,0.0,60,0.01731962865001151,0.004359760021337496,5.0,0.0,cross,0.0012304967167134843,0.00020158626937534177,0.002390609099999589,0.0013695778336506106,0.8686066666666664,0.2074853137506899,1.316661587666734,0.08732326174818407,0.1855206084166639,0.027943958832627278,0.4343033333333332,0.10374265687534495
8.166666666666666,1.950783318453271,0.34134715033330093,0.06941696929072885,0.4343033333333332,0.10374265687534495,0.5825051449333084,0.04675125082867682,2659.0,0.0,0.010635999999999998,1.734723475976807e-18,3.0,0.0,66.0,0.0,1.0,0.0,60,0.02040102666674102,0.005686332845902622,5.0,0.0,same,0.001502205766685923,0.0013702974095220726,0.00840826793346423,0.012948971687441125,0.8686066666666664,0.2074853137506899,1.1924830282667547,0.3108098941902958,0.2383192326332543,0.2701395461419364,0.4343033333333332,0.10374265687534495
