action_gain_over_auto_mean,action_gain_over_auto_std,auto_method,final_defer_rate_mean,final_defer_rate_std,num_runs,policy,review_benign_per_10k_mean,review_benign_per_10k_std,review_benign_per_action_gain_mean,review_benign_per_action_gain_std,review_benign_rate_mean,review_benign_rate_std,review_method,review_unknown_capture_per_action_gain_mean,review_unknown_capture_per_action_gain_std,review_unknown_capture_rate_mean,review_unknown_capture_rate_std,safe_unknown_gap_mean,safe_unknown_gap_std,safe_unknown_handling_rate_mean,safe_unknown_handling_rate_std,scenario_relation
0.2988244043767703,0.09165376619055203,cpd_shift_multiproto_coverage_switch_plus,0.5227272618345818,0.10091390147786922,60,triage_shift_multiproto_coverage_switch_plus_ova_nonbenign,17.97752082520086,17.819997239793157,0.006061889843990957,0.007026864436382286,0.0017977520825200857,0.0017819997239793153,ova_gate_nonbenign,1.7507517478960295,0.4118594647404817,0.513306689685516,0.16332809442194993,0.02206261922274442,0.053254241669549056,0.9779373807772556,0.053254241669549056,cross
0.34252736321580357,0.07063997036222258,cpd_shift_multiproto_coverage_switch_plus,0.42069541907690045,0.0754943661302675,60,triage_shift_multiproto_coverage_switch_plus_ova_nonbenign,15.004230606515133,15.513297511769993,0.003976072648315277,0.004154611270356755,0.0015004230606515134,0.0015513297511769992,ova_gate_nonbenign,1.5193585173928281,0.4209069767118899,0.5237226021004701,0.19450700935007875,0.01641002101404051,0.043258681277693806,0.9835899789859595,0.043258681277693806,same
